{
  "idSave": 212,
  "isFirstSession": false,
  "language": "ru",
  "promptDone": false,
  "money": 1,
  "newPlayerName": "Hello!",
  "openLevels": [
    false,
    true,
    false
  ],
  "Seconds": 1778348673,
  "Balance": 28577,
  "PassiveRewardMultiplier": 1,
  "ClickRewardMultiplier": 1,
  "UpgradeCost": [
    30000,
    1000000,
    12000,
    10000
  ],
  "UpgradeLevel": [
    0,
    0,
    0,
    0
  ],
  "ShopCost": [
    880,
    1500,
    4000,
    12000,
    34000,
    96000,
    270000,
    700000
  ],
  "PurchasedCount": [
    1,
    0,
    0,
    0,
    0,
    0,
    0,
    0
  ],
  "Count": 12,
  "Level": [
    1,
    0,
    0,
    0,
    0,
    0,
    0,
    0,
    0,
    0,
    0,
    0
  ],
  "X": [
    -8.095445,
    11.5991325,
    5.65914631,
    0.9584277,
    2.53822,
    -3.84476,
    18.6840057,
    -1.03217518,
    -10.3422527,
    -8.051271,
    3.09510231,
    2.722337
  ],
  "Y": [
    -1.150815,
    -3.00246882,
    2.695814,
    -1.14496279,
    -2.44564867,
    16.7676239,
    11.763834,
    8.767809,
    10.2583733,
    2.02613878,
    3.00772715,
    5.4942584
  ],
  "IsSelected": [
    true,
    false,
    false,
    false
  ],
  "IsBought": [
    true,
    false,
    false,
    false
  ],
  "IsTutorialCompleted": true
}