{
  "idSave": 256,
  "isFirstSession": false,
  "language": "ru",
  "promptDone": false,
  "money": 1,
  "newPlayerName": "Hello!",
  "openLevels": [
    false,
    true,
    false
  ],
  "Seconds": 1778361888,
  "Balance": 2105848116,
  "PassiveRewardMultiplier": 2,
  "ClickRewardMultiplier": 2,
  "SpawnRate": 25.0,
  "StartLevel": 1,
  "UpgradeCost": [
    3000000,
    10000000,
    48000,
    50000
  ],
  "UpgradeLevel": [
    1,
    1,
    1,
    1
  ],
  "ShopCost": [
    1065,
    1815,
    4400,
    13200,
    41140,
    105600,
    297000,
    931700
  ],
  "PurchasedCount": [
    3,
    2,
    1,
    1,
    2,
    1,
    1,
    3
  ],
  "Count": 12,
  "Level": [
    5,
    1,
    0,
    7,
    7,
    7,
    5,
    4,
    6,
    2,
    0,
    1
  ],
  "X": [
    -3.66517758,
    -3.17686,
    5.15774155,
    6.25026846,
    -3.80248356,
    -1.41339052,
    -5.699605,
    2.21007466,
    2.999101,
    -5.070292,
    -1.58175826,
    -1.75963283
  ],
  "Y": [
    -2.40207243,
    1.47886944,
    -3.69041729,
    0.647861063,
    -0.692863762,
    -0.445160478,
    -3.10169315,
    -2.988858,
    0.913984537,
    -0.438925862,
    1.8240447,
    -1.46531534
  ],
  "IsSelected": [
    true,
    false,
    false,
    false
  ],
  "IsBought": [
    true,
    true,
    true,
    true
  ],
  "IsTutorialCompleted": true
}